Workbook

Sheet CONSULTA 1
A1: CONSULTA 1 — MENOR E MAIOR PREÇO
A6: nome_posto | B6: endereco | C6: bairro | D6: tipo_combustivel | E6: valor | F6: data_coleta | G6: resultado
A7: POSTO ATLANTICO LTDA | B7: JARDIM CAMBURI | C7: AVENIDA DANTE MICHELINI | D7: DIESEL | E7: 6.39 | F7: 46064 | G7: MAIOR PREÇO
A8: J. S. PETROLEO E COMERCIO LTDA. | B8: MATA DA PRAIA | C8: AVENIDA DANTE MICHELINI | D8: DIESEL | E8: 4.09 | F8: 46034 | G8: MENOR PREÇO
A9: POSTO ATLANTICO LTDA | B9: JARDIM CAMBURI | C9: AVENIDA DANTE MICHELINI | D9: ETANOL | E9: 4.99 | F9: 46064 | G9: MAIOR PREÇO
A10: POSTO ARVOREDO LTDA | B10: HORTO | C10: AVENIDA VITORIA | D10: ETANOL | E10: 4.39 | F10: 46028 | G10: MENOR PREÇO
A11: AUTO POSTO MARLIN LTDA | B11: SANTA LUCIA | C11: RUA JUIZ ALEXANDRE MARTINS DE CASTRO FILHO | D11: GASOLINA | E11: 6.29 | F11: 46028 | G11: MAIOR PREÇO
A12: POSTO ATLANTICO LTDA | B12: JARDIM CAMBURI | C12: AVENIDA DANTE MICHELINI | D12: GASOLINA | E12: 5.95 | F12: 46049 | G12: MENOR PREÇO
A13: POSTO ATLANTICO LTDA | B13: JARDIM CAMBURI | C13: AVENIDA DANTE MICHELINI | D13: GASOLINA ADITIVADA | E13: 6.64 | F13: 46042 | G13: MAIOR PREÇO
A14: POSTO ARVOREDO LTDA | B14: HORTO | C14: AVENIDA VITORIA | D14: GASOLINA ADITIVADA | E14: 5.99 | F14: 46034 | G14: MENOR PREÇO

Sheet CONSULTA 2
A1: CONSULTA 2 — MÉDIA E QUANTIDADE DE AMOSTRAS
A6: nome_posto | B6: bairro | C6: tipo_combustivel | D6: preco_medio | E6: quantidade_amostras
A7: AUTO POSTO MARLIN LTDA | B7: SANTA LUCIA | C7: DIESEL | D7: 5.99 | E7: 5
A8: AUTO POSTO MARLIN LTDA | B8: SANTA LUCIA | C8: ETANOL | D8: 4.81 | E8: 5
A9: AUTO POSTO MARLIN LTDA | B9: SANTA LUCIA | C9: GASOLINA | D9: 6.21 | E9: 5
A10: AUTO POSTO MARLIN LTDA | B10: SANTA LUCIA | C10: GASOLINA ADITIVADA | D10: 6.21 | E10: 5
A11: J. S. PETROLEO E COMERCIO LTDA. | B11: MATA DA PRAIA | C11: DIESEL | D11: 4.09 | E11: 5
A12: J. S. PETROLEO E COMERCIO LTDA. | B12: MATA DA PRAIA | C12: ETANOL | D12: 4.67 | E12: 5
A13: J. S. PETROLEO E COMERCIO LTDA. | B13: MATA DA PRAIA | C13: GASOLINA | D13: 6.19 | E13: 5
A14: J. S. PETROLEO E COMERCIO LTDA. | B14: MATA DA PRAIA | C14: GASOLINA ADITIVADA | D14: 6.53 | E14: 5
A15: POSTO ARVOREDO LTDA | B15: HORTO | C15: DIESEL | D15: 5.89 | E15: 5
A16: POSTO ARVOREDO LTDA | B16: HORTO | C16: ETANOL | D16: 4.49 | E16: 5
A17: POSTO ARVOREDO LTDA | B17: HORTO | C17: GASOLINA | D17: 6 | E17: 5
A18: POSTO ARVOREDO LTDA | B18: HORTO | C18: GASOLINA ADITIVADA | D18: 6 | E18: 5
... A26: POSTO PARADA VITORIA LTDA | B26: CONSOLACAO | C26: GASOLINA ADITIVADA | D26: 6.25 | E26: 5

Sheet CONSULTA 3
A1: CONSULTA 3 — PREÇO MAIS RECENTE
A6: nome_posto | B6: bairro | C6: tipo_combustivel | D6: valor | E6: data_coleta
A7: AUTO POSTO MARLIN LTDA | B7: SANTA LUCIA | C7: DIESEL | D7: 5.99 | E7: 46055
A8: AUTO POSTO MARLIN LTDA | B8: SANTA LUCIA | C8: ETANOL | D8: 4.89 | E8: 46055
A9: AUTO POSTO MARLIN LTDA | B9: SANTA LUCIA | C9: GASOLINA | D9: 6.09 | E9: 46055
A10: AUTO POSTO MARLIN LTDA | B10: SANTA LUCIA | C10: GASOLINA ADITIVADA | D10: 6.09 | E10: 46055
A11: J. S. PETROLEO E COMERCIO LTDA. | B11: MATA DA PRAIA | C11: DIESEL | D11: 4.09 | E11: 46063
A12: J. S. PETROLEO E COMERCIO LTDA. | B12: MATA DA PRAIA | C12: ETANOL | D12: 4.79 | E12: 46063
A13: J. S. PETROLEO E COMERCIO LTDA. | B13: MATA DA PRAIA | C13: GASOLINA | D13: 5.99 | E13: 46063
A14: J. S. PETROLEO E COMERCIO LTDA. | B14: MATA DA PRAIA | C14: GASOLINA ADITIVADA | D14: 6.39 | E14: 46063
A15: POSTO ARVOREDO LTDA | B15: HORTO | C15: DIESEL | D15: 5.89 | E15: 46063
A16: POSTO ARVOREDO LTDA | B16: HORTO | C16: ETANOL | D16: 4.49 | E16: 46063
A17: POSTO ARVOREDO LTDA | B17: HORTO | C17: GASOLINA | D17: 5.99 | E17: 46063
A18: POSTO ARVOREDO LTDA | B18: HORTO | C18: GASOLINA ADITIVADA | D18: 5.99 | E18: 46063
... A26: POSTO PARADA VITORIA LTDA | B26: CONSOLACAO | C26: GASOLINA ADITIVADA | D26: 6.25 | E26: 46055

Sheet CONSULTA 4
A1: CONSULTA 4 — EVOLUÇÃO DE PREÇO
A3: Escolha o posto: | B3: POSTO PARADA VITORIA LTDA
A4: Escolha o combustível: | B4: GASOLINA ADITIVADA
A7: Nome do posto | B7: Bairro | C7: Tipo combustível | D7: Valor | E7: Data coleta
A8: =IFERROR(INDEX(DADOS!$A$2:$A$101,MATCH(1,DADOS!$G$2:$G$101,0)),"") -> POSTO PARADA VITORIA LTDA | B8: =IF($A8="","",INDEX(DADOS!$B$2:$B$101,MATCH(1,DADOS!$G$2:$G$101,0))) -> CONSOLACAO | C8: =IF($A8="","",INDEX(DADOS!$D$2:$D$101,MATCH(1,DADOS!$G$2:$G$101,0))) -> GASOLINA ADITIVADA | D8: =IF($A8="","",INDEX(DADOS!$E$2:$E$101,MATCH(1,DADOS!$G$2:$G$101,0))) -> 6.25 | E8: =IF($A8="","",INDEX(DADOS!$F$2:$F$101,MATCH(1,DADOS!$G$2:$G$101,0))) -> 46049
A9: =IFERROR(INDEX(DADOS!$A$2:$A$101,MATCH(2,DADOS!$G$2:$G$101,0)),"") -> POSTO PARADA VITORIA LTDA | B9: =IF($A9="","",INDEX(DADOS!$B$2:$B$101,MATCH(2,DADOS!$G$2:$G$101,0))) -> CONSOLACAO | C9: =IF($A9="","",INDEX(DADOS!$D$2:$D$101,MATCH(2,DADOS!$G$2:$G$101,0))) -> GASOLINA ADITIVADA | D9: =IF($A9="","",INDEX(DADOS!$E$2:$E$101,MATCH(2,DADOS!$G$2:$G$101,0))) -> 6.25 | E9: =IF($A9="","",INDEX(DADOS!$F$2:$F$101,MATCH(2,DADOS!$G$2:$G$101,0))) -> 46034
A10: =IFERROR(INDEX(DADOS!$A$2:$A$101,MATCH(3,DADOS!$G$2:$G$101,0)),"") -> POSTO PARADA VITORIA LTDA | B10: =IF($A10="","",INDEX(DADOS!$B$2:$B$101,MATCH(3,DADOS!$G$2:$G$101,0))) -> CONSOLACAO | C10: =IF($A10="","",INDEX(DADOS!$D$2:$D$101,MATCH(3,DADOS!$G$2:$G$101,0))) -> GASOLINA ADITIVADA | D10: =IF($A10="","",INDEX(DADOS!$E$2:$E$101,MATCH(3,DADOS!$G$2:$G$101,0))) -> 6.25 | E10: =IF($A10="","",INDEX(DADOS!$F$2:$F$101,MATCH(3,DADOS!$G$2:$G$101,0))) -> 46042
A11: =IFERROR(INDEX(DADOS!$A$2:$A$101,MATCH(4,DADOS!$G$2:$G$101,0)),"") -> POSTO PARADA VITORIA LTDA | B11: =IF($A11="","",INDEX(DADOS!$B$2:$B$101,MATCH(4,DADOS!$G$2:$G$101,0))) -> CONSOLACAO | C11: =IF($A11="","",INDEX(DADOS!$D$2:$D$101,MATCH(4,DADOS!$G$2:$G$101,0))) -> GASOLINA ADITIVADA | D11: =IF($A11="","",INDEX(DADOS!$E$2:$E$101,MATCH(4,DADOS!$G$2:$G$101,0))) -> 6.25 | E11: =IF($A11="","",INDEX(DADOS!$F$2:$F$101,MATCH(4,DADOS!$G$2:$G$101,0))) -> 46047
A12: =IFERROR(INDEX(DADOS!$A$2:$A$101,MATCH(5,DADOS!$G$2:$G$101,0)),"") -> POSTO PARADA VITORIA LTDA | B12: =IF($A12="","",INDEX(DADOS!$B$2:$B$101,MATCH(5,DADOS!$G$2:$G$101,0))) -> CONSOLACAO | C12: =IF($A12="","",INDEX(DADOS!$D$2:$D$101,MATCH(5,DADOS!$G$2:$G$101,0))) -> GASOLINA ADITIVADA | D12: =IF($A12="","",INDEX(DADOS!$E$2:$E$101,MATCH(5,DADOS!$G$2:$G$101,0))) -> 6.25 | E12: =IF($A12="","",INDEX(DADOS!$F$2:$F$101,MATCH(5,DADOS!$G$2:$G$101,0))) -> 46055

Sheet LISTAS
A1: POSTOS | B1: COMBUSTÍVEIS
A2: AUTO POSTO MARLIN LTDA | B2: GASOLINA
A3: J. S. PETROLEO E COMERCIO LTDA. | B3: GASOLINA ADITIVADA
A4: POSTO PARADA VITORIA LTDA | B4: ETANOL
A5: POSTO ATLANTICO LTDA | B5: DIESEL
A6: POSTO ARVOREDO LTDA

Sheet GRÁFICO 1
A1: GRÁFICO 1 — EVOLUÇÃO DO PREÇO MÉDIO DE CADA COMBUSTÍVEL
A3: data | B3: DIESEL | C3: ETANOL | D3: GASOLINA | E3: GASOLINA ADITIVADA
A4: 46028 | B4: 5.94 | C4: 4.44 | D4: 6.17 | E4: 6.17
A5: 46034 | B5: 5.49 | C5: 4.61 | D5: 6.16 | E5: 6.28
A6: 46036 | B6: 6.39 | C6: 4.99 | D6: 6.29 | E6: 6.64
A7: 46037 | B7: 4.09 | C7: 4.59 | D7: 6.29 | E7: 6.59
A8: 46042 | B8: 5.67 | C8: 4.74 | D8: 6.18 | E8: 6.35
A9: 46047 | B9: 5.99 | C9: 4.65 | D9: 5.99 | E9: 6.25
A10: 46049 | B10: 5.67 | C10: 4.76 | D10: 6.02 | E10: 6.25
A11: 46055 | B11: 5.99 | C11: 4.77 | D11: 6.04 | E11: 6.17
A12: 46063 | B12: 4.99 | C12: 4.64 | D12: 5.99 | E12: 6.19
A13: 46064 | B13: 6.39 | C13: 4.99 | D13: 6.09 | E13: 6.44
A14: 46076 | B14: 6.39 | C14: 4.99 | D14: 5.99 | E14: 6.34

Sheet GRÁFICO 2
A1: GRÁFICO 2 — EVOLUÇÃO DO PREÇO MÉDIO POR POSTO
A4: AUTO POSTO MARLIN LTDA
A5: data | B5: DIESEL | C5: ETANOL | D5: GASOLINA | E5: GASOLINA ADITIVADA
A6: 46028 | B6: 5.99 | C6: 4.49 | D6: 6.29 | E6: 6.29
A7: 46034 | B7: 5.99 | C7: 4.89 | D7: 6.29 | E7: 6.29
A8: 46042 | B8: 5.99 | C8: 4.89 | D8: 6.29 | E8: 6.29
A9: 46049 | B9: 5.99 | C9: 4.89 | D9: 6.09 | E9: 6.09
A10: 46055 | B10: 5.99 | C10: 4.89 | D10: 6.09 | E10: 6.09
A29: J. S. PETROLEO E COMERCIO LTDA.
A30: data | B30: DIESEL | C30: ETANOL | D30: GASOLINA | E30: GASOLINA ADITIVADA
A31: 46034 | B31: 4.09 | C31: 4.59 | D31: 6.29 | E31: 6.59
A32: 46037 | B32: 4.09 | C32: 4.59 | D32: 6.29 | E32: 6.59
A33: 46042 | B33: 4.09 | C33: 4.59 | D33: 6.29 | E33: 6.59
A34: 46049 | B34: 4.09 | C34: 4.79 | D34: 6.09 | E34: 6.49
A35: 46063 | B35: 4.09 | C35: 4.79 | D35: 5.99 | E35: 6.39
A54: POSTO ARVOREDO LTDA
A55: data | B55: DIESEL | C55: ETANOL | D55: GASOLINA | E55: GASOLINA ADITIVADA
A56: 46028 | B56: 5.89 | C56: 4.39 | D56: 6.05 | E56: 6.05
A57: 46034 | B57: 5.89 | C57: 4.49 | D57: 5.99 | E57: 5.99
A58: 46042 | B58: 5.89 | C58: 4.59 | D58: 5.99 | E58: 5.99
A59: 46049 | B59: 5.89 | C59: 4.49 | D59: 5.99 | E59: 5.99
A60: 46063 | B60: 5.89 | C60: 4.49 | D60: 5.99 | E60: 5.99
A79: POSTO ATLANTICO LTDA
A80: data | B80: DIESEL | C80: ETANOL | D80: GASOLINA | E80: GASOLINA ADITIVADA
A81: 46036 | B81: 6.39 | C81: 4.99 | D81: 6.29 | E81: 6.64
A82: 46042 | B82: 6.39 | C82: 4.99 | D82: 6.29 | E82: 6.64
A83: 46049 | B83: 6.39 | C83: 4.99 | D83: 5.95 | E83: 6.45
A84: 46064 | B84: 6.39 | C84: 4.99 | D84: 6.09 | E84: 6.44
A85: 46076 | B85: 6.39 | C85: 4.99 | D85: 5.99 | E85: 6.34
A104: POSTO PARADA VITORIA LTDA
A105: data | B105: DIESEL | C105: ETANOL | D105: GASOLINA | E105: GASOLINA ADITIVADA
A106: 46034 | B106: 5.99 | C106: 4.45 | D106: 6.05 | E106: 6.25
A107: 46042 | B107: 5.99 | C107: 4.65 | D107: 6.05 | E107: 6.25
A108: 46047 | B108: 5.99 | C108: 4.65 | D108: 5.99 | E108: 6.25
A109: 46049 | B109: 5.99 | C109: 4.65 | D109: 5.99 | E109: 6.25
A110: 46055 | B110: 5.99 | C110: 4.65 | D110: 5.99 | E110: 6.25

Sheet DADOS
A1: NOME POSTO | B1: BAIRRO | C1: ENDEREÇO | D1: TIPO COMBUSTÍVEL | E1: VALOR | F1: DATA COLETA | G1: ORDEM
A2: AUTO POSTO MARLIN LTDA | B2: SANTA LUCIA | C2: RUA JUIZ ALEXANDRE MARTINS DE CASTRO FILHO | D2: GASOLINA | E2: 6.29 | F2: 46028 | G2: =IF(AND(A2='CONSULTA 4'!$B$3,D2='CONSULTA 4'!$B$4),COUNTIFS($A$2:A2,'CONSULTA 4'!$B$3,$D$2:D2,'CONSULTA 4'!$B$4),"")
A3: AUTO POSTO MARLIN LTDA | B3: SANTA LUCIA | C3: RUA JUIZ ALEXANDRE MARTINS DE CASTRO FILHO | D3: GASOLINA ADITIVADA | E3: 6.29 | F3: 46028 | G3: =IF(AND(A3='CONSULTA 4'!$B$3,D3='CONSULTA 4'!$B$4),COUNTIFS($A$2:A3,'CONSULTA 4'!$B$3,$D$2:D3,'CONSULTA 4'!$B$4),"")
A4: AUTO POSTO MARLIN LTDA | B4: SANTA LUCIA | C4: RUA JUIZ ALEXANDRE MARTINS DE CASTRO FILHO | D4: ETANOL | E4: 4.49 | F4: 46028 | G4: =IF(AND(A4='CONSULTA 4'!$B$3,D4='CONSULTA 4'!$B$4),COUNTIFS($A$2:A4,'CONSULTA 4'!$B$3,$D$2:D4,'CONSULTA 4'!$B$4),"")
A5: AUTO POSTO MARLIN LTDA | B5: SANTA LUCIA | C5: RUA JUIZ ALEXANDRE MARTINS DE CASTRO FILHO | D5: DIESEL | E5: 5.99 | F5: 46028 | G5: =IF(AND(A5='CONSULTA 4'!$B$3,D5='CONSULTA 4'!$B$4),COUNTIFS($A$2:A5,'CONSULTA 4'!$B$3,$D$2:D5,'CONSULTA 4'!$B$4),"")
A6: AUTO POSTO MARLIN LTDA | B6: SANTA LUCIA | C6: RUA JUIZ ALEXANDRE MARTINS DE CASTRO FILHO | D6: GASOLINA | E6: 6.29 | F6: 46034 | G6: =IF(AND(A6='CONSULTA 4'!$B$3,D6='CONSULTA 4'!$B$4),COUNTIFS($A$2:A6,'CONSULTA 4'!$B$3,$D$2:D6,'CONSULTA 4'!$B$4),"")
A7: AUTO POSTO MARLIN LTDA | B7: SANTA LUCIA | C7: RUA JUIZ ALEXANDRE MARTINS DE CASTRO FILHO | D7: GASOLINA ADITIVADA | E7: 6.29 | F7: 46034 | G7: =IF(AND(A7='CONSULTA 4'!$B$3,D7='CONSULTA 4'!$B$4),COUNTIFS($A$2:A7,'CONSULTA 4'!$B$3,$D$2:D7,'CONSULTA 4'!$B$4),"")
A8: AUTO POSTO MARLIN LTDA | B8: SANTA LUCIA | C8: RUA JUIZ ALEXANDRE MARTINS DE CASTRO FILHO | D8: ETANOL | E8: 4.89 | F8: 46034 | G8: =IF(AND(A8='CONSULTA 4'!$B$3,D8='CONSULTA 4'!$B$4),COUNTIFS($A$2:A8,'CONSULTA 4'!$B$3,$D$2:D8,'CONSULTA 4'!$B$4),"")
A9: AUTO POSTO MARLIN LTDA | B9: SANTA LUCIA | C9: RUA JUIZ ALEXANDRE MARTINS DE CASTRO FILHO | D9: DIESEL | E9: 5.99 | F9: 46034 | G9: =IF(AND(A9='CONSULTA 4'!$B$3,D9='CONSULTA 4'!$B$4),COUNTIFS($A$2:A9,'CONSULTA 4'!$B$3,$D$2:D9,'CONSULTA 4'!$B$4),"")
A10: AUTO POSTO MARLIN LTDA | B10: SANTA LUCIA | C10: RUA JUIZ ALEXANDRE MARTINS DE CASTRO FILHO | D10: GASOLINA | E10: 6.29 | F10: 46042 | G10: =IF(AND(A10='CONSULTA 4'!$B$3,D10='CONSULTA 4'!$B$4),COUNTIFS($A$2:A10,'CONSULTA 4'!$B$3,$D$2:D10,'CONSULTA 4'!$B$4),"")
A11: AUTO POSTO MARLIN LTDA | B11: SANTA LUCIA | C11: RUA JUIZ ALEXANDRE MARTINS DE CASTRO FILHO | D11: GASOLINA ADITIVADA | E11: 6.29 | F11: 46042 | G11: =IF(AND(A11='CONSULTA 4'!$B$3,D11='CONSULTA 4'!$B$4),COUNTIFS($A$2:A11,'CONSULTA 4'!$B$3,$D$2:D11,'CONSULTA 4'!$B$4),"")
A12: AUTO POSTO MARLIN LTDA | B12: SANTA LUCIA | C12: RUA JUIZ ALEXANDRE MARTINS DE CASTRO FILHO | D12: ETANOL | E12: 4.89 | F12: 46042 | G12: =IF(AND(A12='CONSULTA 4'!$B$3,D12='CONSULTA 4'!$B$4),COUNTIFS($A$2:A12,'CONSULTA 4'!$B$3,$D$2:D12,'CONSULTA 4'!$B$4),"")
A13: AUTO POSTO MARLIN LTDA | B13: SANTA LUCIA | C13: RUA JUIZ ALEXANDRE MARTINS DE CASTRO FILHO | D13: DIESEL | E13: 5.99 | F13: 46042 | G13: =IF(AND(A13='CONSULTA 4'!$B$3,D13='CONSULTA 4'!$B$4),COUNTIFS($A$2:A13,'CONSULTA 4'!$B$3,$D$2:D13,'CONSULTA 4'!$B$4),"")
... A101: POSTO ARVOREDO LTDA | B101: HORTO | C101: AVENIDA VITORIA | D101: DIESEL | E101: 5.89 | F101: 46063 | G101: =IF(AND(A101='CONSULTA 4'!$B$3,D101='CONSULTA 4'!$B$4),COUNTIFS($A$2:A101,'CONSULTA 4'!$B$3,$D$2:D101,'CONSULTA 4'!$B$4),"")
